{
    "title": "Apple Watch",
    "head": {
      "meta": [
        {
          "charset": "UTF-8"
        },
        {
          "name": "viewport",
          "content": "width=device-width, initial-scale=1.0"
        }
      ],
      "links": [
        {
          "href": "https://cdn.jsdelivr.net/npm/bootstrap@5.3.3/dist/css/bootstrap.min.css",
          "rel": "stylesheet",
          "integrity": "sha384-QWTKZyjpPEjISv5WaRU9OFeRpok6YctnYmDr5pNlyT2bRjXh0JMhjY6hW+ALEwIH",
          "crossorigin": "anonymous"
        },
        {
          "rel": "stylesheet",
          "href": "../style/home.css"
        }
      ]
    },
    "body": {
      "nav": {
        "class": "navbar navbar-expand-lg bg-dark navbar-dark fixed-top",
        "container": {
          "fluid": true,
          "logo": {
            "href": "index.html",
            "img": {
              "src": "../images/logo.png",
              "alt": "UT Device Logo",
              "style": "height: 50px; margin-right: 5px;"
            }
          },
          "button": {
            "type": "button",
            "data-bs-toggle": "collapse",
            "data-bs-target": "#navbarNavDropdown",
            "aria-controls": "navbarNavDropdown",
            "aria-expanded": "false",
            "aria-label": "Toggle navigation",
            "span": {
              "class": "navbar-toggler-icon"
            }
          },
          "collapse": {
            "id": "navbarNavDropdown",
            "ul": {
              "class": "navbar-nav",
              "items": [
                { "href": "index.html", "class": "nav-link", "aria-current": "page", "text": "Home" },
                { "href": "iphone.html", "class": "nav-link", "text": "iPhone" },
                { "href": "ipad.html", "class": "nav-link", "text": "iPad" },
                { "href": "apple_watch.html", "class": "nav-link active", "text": "Apple Watch" },
                { "href": "macbook.html", "class": "nav-link", "text": "MacBook" },
                { "href": "samsung.html", "class": "nav-link", "text": "Samsung" },
                { "href": "#", "class": "nav-link", "text": "Carrello" }
              ]
            }
          }
        }
      },
      "h1": "Apple Watch",
      "cards": {
        "title": "Card deck",
        "items": [
          {
            "class": "card",
            "style": "width: 20rem;",
            "img": {
              "class": "card-img-top",
              "src": "../images/applewatch10_black.jpg",
              "alt": "Apple Watch Series 10"
            },
            "body": {
              "h5": "Apple Watch Series 10",
              "p": "Chip S10 <br> Display Always-On Retina <br> GPS",
              "a": {
                "href": "prodotto.html?id=40",
                "class": "btn btn-primary",
                "text": "Scopri di più"
              },
              "price": "Da €599"
            }
          },
          {
            "class": "card",
            "style": "width: 20rem;",
            "img": {
              "class": "card-img-top",
              "src": "../images/applewatch9_blue.jpg",
              "alt": "Apple Watch Series 9"
            },
            "body": {
              "h5": "Apple Watch Series 9",
              "p": "Chip S9 <br> Display Always-On Retina <br> GPS",
              "a": {
                "href": "prodotto.html?id=41",
                "class": "btn btn-primary",
                "text": "Scopri di più"
              },
              "price": "Da €499"
            }
          },
          {
            "class": "card",
            "style": "width: 20rem;",
            "img": {
              "class": "card-img-top",
              "src": "../images/applewatchultra_black.jpg",
              "alt": "Apple Watch Ultra"
            },
            "body": {
              "h5": "Apple Watch Ultra",
              "p": "Chip S9 <br> Cassa in titanio 49mm <br> GPS",
              "a": {
                "href": "prodotto.html?id=42",
                "class": "btn btn-primary",
                "text": "Scopri di più"
              },
              "price": "Da €899"
            }
          },
          {
            "class": "card",
            "style": "width: 20rem;",
            "img": {
              "class": "card-img-top",
              "src": "../images/applewatchse_black.jpg",
              "alt": "Apple Watch SE"
            },
            "body": {
              "h5": "Apple Watch SE",
              "p": "Chip S8 <br> Display Retina <br> GPS",
              "a": {
                "href": "prodotto.html?id=43",
                "class": "btn btn-primary",
                "text": "Scopri di più"
              },
              "price": "Da €299"
            }
          }
        ]
      },
      "footer": {
        "class": "bg-dark text-white text-center py-3",
        "p": "&copy; 2025 UT Device"
      }
    },
    "scripts": [
      {
        "src": "https://cdn.jsdelivr.net/npm/bootstrap@5.3.3/dist/js/bootstrap.bundle.min.js",
        "integrity": "sha384-YvpcrYf0tY3lHB60NNkmXc5s9fDVZLESaAA55NDzOxhy9GkcIdslK1eN7N6jIeHz",
        "crossorigin": "anonymous"
      },
      {
        "src": "../script/inserimento_prodotto_pro.js"
      }
    ]
  }
  