{
  "title": "Home",
  "head": {
    "meta": [
      {
        "charset": "UTF-8"
      },
      {
        "name": "viewport",
        "content": "width=device-width, initial-scale=1.0"
      }
    ],
    "links": [
      {
        "href": "https://cdn.jsdelivr.net/npm/bootstrap@5.3.3/dist/css/bootstrap.min.css",
        "rel": "stylesheet",
        "integrity": "sha384-QWTKZyjpPEjISv5WaRU9OFeRpok6YctnYmDr5pNlyT2bRjXh0JMhjY6hW+ALEwIH",
        "crossorigin": "anonymous"
      },
      {
        "rel": "stylesheet",
        "href": "../style/home.css"
      }
    ]
  },
  "body": {
    "nav": {
      "class": "navbar navbar-expand-lg bg-dark navbar-dark fixed-top",
      "container": {
        "fluid": true,
        "logo": {
          "href": "index.html",
          "img": {
            "src": "../images/logo.png",
            "alt": "UT Device Logo",
            "style": "height: 50px; margin-right: 5px;"
          }
        },
        "button": {
          "type": "button",
          "data-bs-toggle": "collapse",
          "data-bs-target": "#navbarNavDropdown",
          "aria-controls": "navbarNavDropdown",
          "aria-expanded": "false",
          "aria-label": "Toggle navigation",
          "span": {
            "class": "navbar-toggler-icon"
          }
        },
        "collapse": {
          "id": "navbarNavDropdown",
          "ul": {
            "class": "navbar-nav",
            "items": [
              { "href": "index.html", "class": "nav-link active", "aria-current": "page", "text": "Home" },
              { "href": "iphone.html", "class": "nav-link", "text": "iPhone" },
              { "href": "ipad.html", "class": "nav-link", "text": "iPad" },
              { "href": "apple_watch.html", "class": "nav-link", "text": "Apple Watch" },
              { "href": "macbook.html", "class": "nav-link", "text": "MacBook" },
              { "href": "samsung.html", "class": "nav-link", "text": "Samsung" },
              { "href": "#", "class": "nav-link", "text": "Carrello" }
            ]
          }
        }
      }
    },
    "h1": "UT Device",
    "p": {
      "class": "text-center",
      "text": "Benvenuto su UT Device, il tuo negozio online per i migliori smartphone e accessori! Scopri le offerte imperdibili sui modelli più recenti e scegli il dispositivo perfetto per te."
    },
    "carousel": {
      "id": "carousel",
      "class": "carousel slide carousel-fade mt-5",
      "data-bs-ride": "carousel",
      "indicators": [
        { "data-bs-target": "#carousel", "data-bs-slide-to": "0", "class": "active" },
        { "data-bs-target": "#carousel", "data-bs-slide-to": "1" },
        { "data-bs-target": "#carousel", "data-bs-slide-to": "2" },
        { "data-bs-target": "#carousel", "data-bs-slide-to": "3" },
        { "data-bs-target": "#carousel", "data-bs-slide-to": "4" }
      ],
      "items": [
        { "src": "../images/sams.png", "alt": "sams" },
        { "src": "../images/iphone.png", "alt": "iphone" },
        { "src": "../images/mac.png", "alt": "mac" },
        { "src": "../images/applewatch.png", "alt": "watch" },
        { "src": "../images/ipad.png", "alt": "ipad" }
      ],
      "prev_button": {
        "class": "carousel-control-prev",
        "type": "button",
        "data-bs-target": "#carousel",
        "data-bs-slide": "prev",
        "icon_class": "carousel-control-prev-icon",
        "aria_label": "Previous"
      },
      "next_button": {
        "class": "carousel-control-next",
        "type": "button",
        "data-bs-target": "#carousel",
        "data-bs-slide": "next",
        "icon_class": "carousel-control-next-icon",
        "aria_label": "Next"
      }
    },
    "cards": {
      "title": "Card deck",
      "items": [
        {
          "class": "card",
          "style": "width: 20rem;",
          "img": {
            "class": "card-img-top",
            "src": "../images/iphone_ipad.png",
            "alt": "Card image cap"
          },
          "body": {
            "h5": "iPhone e iPad",
            "p": "Scopri la nostra gamma di prodotti apple a prezzi vantaggiosi!",
            "a": {
              "href": "iphone.html",
              "class": "btn btn-primary",
              "text": "Scopri di più"
            }
          }
        },
        {
          "class": "card",
          "style": "width: 20rem;",
          "img": {
            "class": "card-img-top",
            "src": "../images/apple_watch.jpeg",
            "alt": "Card image cap"
          },
          "body": {
            "h5": "Apple Watch",
            "p": "Scopri la nostra gamma di Apple Watch a prezzi vantaggiosi",
            "a": {
              "href": "apple_watch.html",
              "class": "btn btn-primary",
              "text": "Scopri di più"
            }
          }
        },
        {
          "class": "card",
          "style": "width: 20rem;",
          "img": {
            "class": "card-img-top",
            "src": "../images/samsung.png",
            "alt": "Card image cap"
          },
          "body": {
            "h5": "Modelli Samsung Galaxy",
            "p": "Scopri la nostra gamma di prodotti Galaxy a prezzi vantaggiosi",
            "a": {
              "href": "samsung.html",
              "class": "btn btn-primary",
              "text": "Scopri di più"
            }
          }
        }
      ]
    },
    "h2": "Offerte lampo",
    "offers": {
      "items": [
        {
          "class": "card",
          "style": "width: 20rem;",
          "img": {
            "class": "card-img-top",
            "src": "../images/iphone15pro_black.jpg",
            "alt": "Card image cap"
          },
          "body": {
            "h5": "Iphone 15 Pro",
            "p": "Processore A17 Pro <br> Display OLED da 6,1\" <br> 128GB",
            "a": {
              "href": "prodotto.html?id=1",
              "class": "btn btn-primary",
              "text": "Scopri di più"
            },
            "price": "Da €1.199"
          }
        },
        {
          "class": "card",
          "style": "width: 20rem;",
          "img": {
            "class": "card-img-top",
            "src": "../images/iphone16_viola.jpg",
            "alt": "Card image cap"
          },
          "body": {
            "h5": "Iphone 16",
            "p": "Processore A18 <br> Display OLED da 6,1\" <br> 128GB",
            "a": {
              "href": "prodotto.html?id=2",
              "class": "btn btn-primary",
              "text": "Scopri di più"
            },
            "price": "Da €979"
          }
        },
        {
          "class": "card",
          "style": "width: 20rem;",
          "img": {
            "class": "card-img-top",
            "src": "../images/iphone15plus_green.jpg",
            "alt": "Card image cap"
          },
          "body": {
            "h5": "Iphone 15 Plus",
            "p": "Processore A17 <br> Display OLED da 6,7\" <br> 128GB",
            "a": {
              "href": "prodotto.html?id=3",
              "class": "btn btn-primary",
              "text": "Scopri di più"
            },
            "price": "Da €859"
          }
        }
      ]
    },
    "footer": {
      "class": "bg-dark text-white text-center py-3",
      "p": "&copy; 2025 UT Device"
    }
  },
  "scripts": [
    {
      "src": "https://cdn.jsdelivr.net/npm/bootstrap@5.3.3/dist/js/bootstrap.bundle.min.js",
      "integrity": "sha384-YvpcrYf0tY3lHB60NNkmXc5s9fDVZLESaAA55NDzOxhy9GkcIdslK1eN7N6jIeHz",
      "crossorigin": "anonymous"
    },
    {
      "src": "../script/inserimento_prodotto_pro.js"
    }
  ]
}
