{
    "title": "iPhone",
    "head": {
      "meta": [
        {
          "charset": "UTF-8"
        },
        {
          "name": "viewport",
          "content": "width=device-width, initial-scale=1.0"
        }
      ],
      "links": [
        {
          "href": "https://cdn.jsdelivr.net/npm/bootstrap@5.3.3/dist/css/bootstrap.min.css",
          "rel": "stylesheet",
          "integrity": "sha384-QWTKZyjpPEjISv5WaRU9OFeRpok6YctnYmDr5pNlyT2bRjXh0JMhjY6hW+ALEwIH",
          "crossorigin": "anonymous"
        },
        {
          "rel": "stylesheet",
          "href": "../style/home.css"
        }
      ]
    },
    "body": {
      "nav": {
        "class": "navbar navbar-expand-lg bg-dark navbar-dark fixed-top",
        "container": {
          "fluid": true,
          "logo": {
            "href": "index.html",
            "img": {
              "src": "../images/logo.png",
              "alt": "UT Device Logo",
              "style": "height: 50px; margin-right: 5px;"
            }
          },
          "button": {
            "type": "button",
            "data-bs-toggle": "collapse",
            "data-bs-target": "#navbarNavDropdown",
            "aria-controls": "navbarNavDropdown",
            "aria-expanded": "false",
            "aria-label": "Toggle navigation",
            "span": {
              "class": "navbar-toggler-icon"
            }
          },
          "collapse": {
            "id": "navbarNavDropdown",
            "ul": {
              "class": "navbar-nav",
              "items": [
                { "href": "index.html", "class": "nav-link", "aria-current": "page", "text": "Home" },
                { "href": "iphone.html", "class": "nav-link active", "text": "iPhone" },
                { "href": "ipad.html", "class": "nav-link", "text": "iPad" },
                { "href": "apple_watch.html", "class": "nav-link", "text": "Apple Watch" },
                { "href": "macbook.html", "class": "nav-link", "text": "MacBook" },
                { "href": "samsung.html", "class": "nav-link", "text": "Samsung" },
                { "href": "#", "class": "nav-link", "text": "Carrello" }
              ]
            }
          }
        }
      },
      "h1": "Catalogo iPhone",
      "cardDecks": [
        {
          "title": "Gamma iPhone 16",
          "cards": [
            {
              "class": "card",
              "style": "width: 20rem;",
              "img": {
                "class": "card-img-top",
                "src": "../images/iphone16_blu.jpg",
                "alt": "Card image cap"
              },
              "body": {
                "h5": "Iphone 16",
                "p": "Processore A18 <br> Display OLED da 6,1\" <br> 128GB",
                "a": {
                  "href": "prodotto.html?id=2",
                  "class": "btn btn-primary",
                  "text": "Scopri di più"
                },
                "price": "Da €979"
              }
            },
            {
              "class": "card",
              "style": "width: 20rem;",
              "img": {
                "class": "card-img-top",
                "src": "../images/iphone16plus_black.jpg",
                "alt": "Card image cap"
              },
              "body": {
                "h5": "Iphone 16 Plus",
                "p": "Processore A18 <br> Display OLED da 6,7\" <br> 128GB",
                "a": {
                  "href": "prodotto.html?id=4",
                  "class": "btn btn-primary",
                  "text": "Scopri di più"
                },
                "price": "Da €1.029"
              }
            },
            {
              "class": "card",
              "style": "width: 20rem;",
              "img": {
                "class": "card-img-top",
                "src": "../images/iphone16pro_black.jpg",
                "alt": "Card image cap"
              },
              "body": {
                "h5": "Iphone 16 Pro",
                "p": "Processore A18 Pro <br> Display OLED da 6,1\" <br> 128GB",
                "a": {
                  "href": "prodotto.html?id=9",
                  "class": "btn btn-primary",
                  "text": "Scopri di più"
                },
                "price": "Da €1.299"
              }
            },
            {
              "class": "card",
              "style": "width: 20rem;",
              "img": {
                "class": "card-img-top",
                "src": "../images/iphone16promax_black.jpg",
                "alt": "Card image cap"
              },
              "body": {
                "h5": "Iphone 16 Pro Max",
                "p": "Processore A18 <br> Display OLED da 6,7\" <br> 128GB",
                "a": {
                  "href": "prodotto.html?id=10",
                  "class": "btn btn-primary",
                  "text": "Scopri di più"
                },
                "price": "Da €1.499"
              }
            }
          ]
        },
        {
          "title": "Gamma iPhone 15",
          "cards": [
            {
              "class": "card",
              "style": "width: 20rem;",
              "img": {
                "class": "card-img-top",
                "src": "../images/iphone15_black.jpg",
                "alt": "Card image cap"
              },
              "body": {
                "h5": "Iphone 15",
                "p": "Processore A16 Bionic <br> Display OLED da 6,1\" <br> 128GB",
                "a": {
                  "href": "prodotto.html?id=11",
                  "class": "btn btn-primary",
                  "text": "Scopri di più"
                },
                "price": "Da €799"
              }
            },
            {
              "class": "card",
              "style": "width: 20rem;",
              "img": {
                "class": "card-img-top",
                "src": "../images/iphone15plus_green.jpg",
                "alt": "Card image cap"
              },
              "body": {
                "h5": "Iphone 15 Plus",
                "p": "Processore A17 <br> Display OLED da 6,7\" <br> 128GB",
                "a": {
                  "href": "prodotto.html?id=3",
                  "class": "btn btn-primary",
                  "text": "Scopri di più"
                },
                "price": "Da €859"
              }
            },
            {
              "class": "card",
              "style": "width: 20rem;",
              "img": {
                "class": "card-img-top",
                "src": "../images/iphone15pro_black.jpg",
                "alt": "Card image cap"
              },
              "body": {
                "h5": "Iphone 15 Pro",
                "p": "Processore A17 Pro <br> Display OLED da 6,1\" <br> 128GB",
                "a": {
                  "href": "prodotto.html?id=1",
                  "class": "btn btn-primary",
                  "text": "Scopri di più"
                },
                "price": "Da €1.199"
              }
            },
            {
              "class": "card",
              "style": "width: 20rem;",
              "img": {
                "class": "card-img-top",
                "src": "../images/iphone15promax_black.jpg",
                "alt": "Card image cap"
              },
              "body": {
                "h5": "Iphone 15 Pro Max",
                "p": "Processore A17 <br> Display OLED da 6,7\" <br> 1TB",
                "a": {
                  "href": "prodotto.html?id=5",
                  "class": "btn btn-primary",
                  "text": "Scopri di più"
                },
                "price": "Da €1.269"
              }
            }
          ]
        },
        {
          "title": "Gamma iPhone 14",
          "cards": [
            {
              "class": "card",
              "style": "width: 20rem;",
              "img": {
                "class": "card-img-top",
                "src": "../images/iphone14_black.jpg",
                "alt": "Card image cap"
              },
              "body": {
                "h5": "Iphone 14",
                "p": "Processore A17 <br> Display OLED da 6,1\" <br> 128GB",
                "a": {
                  "href": "prodotto.html?id=6",
                  "class": "btn btn-primary",
                  "text": "Scopri di più"
                },
                "price": "Da €729"
              }
            },
            {
              "class": "card",
              "style": "width: 20rem;",
              "img": {
                "class": "card-img-top",
                "src": "../images/iphone14plus.jpg",
                "alt": "Card image cap"
              },
              "body": {
                "h5": "Iphone 14 Plus",
                "p": "Processore A15 Bionic <br> Display OLED da 6,7\" <br> 128GB",
                "a": {
                  "href": "prodotto.html?id=12",
                  "class": "btn btn-primary",
                  "text": "Scopri di più"
                },
                "price": "Da €799"
              }
            },
            {
                "class": "card",
                "style": "width: 20rem;",
                "img": {
                  "class": "card-img-top",
                  "src": "../images/iphone14promax_black.jpg",
                  "alt": "Card image cap"
                },
                "body": {
                  "h5": "Iphone 14 Pro Max",
                  "p": "Processore A16 Bionic<br> Display OLED da 6,7\" <br> 128GB",
                  "a": {
                    "href": "prodotto.html?id=8",
                    "class": "btn btn-primary",
                    "text": "Scopri di più"
                  },
                  "price": "Da €1.099"
                }
              }
            ],
            "footer": {
              "class": "bg-dark text-white text-center py-3",
              "p": "&copy; 2025 UT Device"
            },
            "scripts": [
              {
                "src": "https://cdn.jsdelivr.net/npm/bootstrap@5.3.3/dist/js/bootstrap.bundle.min.js",
                "integrity": "sha384-YvpcrYf0tY3lHB60NNkmXc5s9fDVZLESaAA55NDzOxhy9GkcIdslK1eN7N6jIeHz",
                "crossorigin": "anonymous"
              },
              {
                "src": "../script/inserimento_prodotto_pro.js"
              }
            ]
        }
    ]
}
}
          
          