{
    "title": "MacBook",
    "head": {
      "meta": [
        {
          "charset": "UTF-8"
        },
        {
          "name": "viewport",
          "content": "width=device-width, initial-scale=1.0"
        }
      ],
      "links": [
        {
          "href": "https://cdn.jsdelivr.net/npm/bootstrap@5.3.3/dist/css/bootstrap.min.css",
          "rel": "stylesheet",
          "integrity": "sha384-QWTKZyjpPEjISv5WaRU9OFeRpok6YctnYmDr5pNlyT2bRjXh0JMhjY6hW+ALEwIH",
          "crossorigin": "anonymous"
        },
        {
          "rel": "stylesheet",
          "href": "../style/home.css"
        }
      ]
    },
    "body": {
      "nav": {
        "class": "navbar navbar-expand-lg bg-dark navbar-dark fixed-top",
        "container": {
          "fluid": true,
          "logo": {
            "href": "index.html",
            "img": {
              "src": "../images/logo.png",
              "alt": "UT Device Logo",
              "style": "height: 50px; margin-right: 5px;"
            }
          },
          "button": {
            "type": "button",
            "data-bs-toggle": "collapse",
            "data-bs-target": "#navbarNavDropdown",
            "aria-controls": "navbarNavDropdown",
            "aria-expanded": "false",
            "aria-label": "Toggle navigation",
            "span": {
              "class": "navbar-toggler-icon"
            }
          },
          "collapse": {
            "id": "navbarNavDropdown",
            "ul": {
              "class": "navbar-nav",
              "items": [
                { "href": "index.html", "class": "nav-link", "aria-current": "page", "text": "Home" },
                { "href": "iphone.html", "class": "nav-link", "text": "iPhone" },
                { "href": "ipad.html", "class": "nav-link", "text": "iPad" },
                { "href": "apple_watch.html", "class": "nav-link", "text": "Apple Watch" },
                { "href": "macbook.html", "class": "nav-link active", "text": "MacBook" },
                { "href": "samsung.html", "class": "nav-link", "text": "Samsung" },
                { "href": "#", "class": "nav-link", "text": "Carrello" }
              ]
            }
          }
        }
      },
      "h1": "MacBook",
      "cards": {
        "title": "Card deck",
        "items": [
          {
            "class": "card",
            "style": "width: 20rem;",
            "img": {
              "class": "card-img-top",
              "src": "../images/macbookair_black.jpg",
              "alt": "Card image cap"
            },
            "body": {
              "h5": "MacBook Air 13.3\"",
              "p": "Chip M2 <br> Display Retina da 13,3\" <br> 256GB SSD",
              "a": {
                "href": "prodotto.html?id=44",
                "class": "btn btn-primary",
                "text": "Scopri di più"
              },
              "price": "Da €1.099"
            }
          },
          {
            "class": "card",
            "style": "width: 20rem;",
            "img": {
              "class": "card-img-top",
              "src": "../images/macbook_pro.jpg",
              "alt": "Card image cap"
            },
            "body": {
              "h5": "MacBook Pro 14\"",
              "p": "Chip M2 Pro <br> Display Liquid Retina XDR da 14\" <br> 512GB SSD",
              "a": {
                "href": "prodotto.html?id=45",
                "class": "btn btn-primary",
                "text": "Scopri di più"
              },
              "price": "Da €2.099"
            }
          },
          {
            "class": "card",
            "style": "width: 20rem;",
            "img": {
              "class": "card-img-top",
              "src": "../images/macmini.jpg",
              "alt": "Card image cap"
            },
            "body": {
              "h5": "Mac Mini",
              "p": "Chip M2 <br> 8GB di RAM <br> 256GB SSD",
              "a": {
                "href": "prodotto.html?id=46",
                "class": "btn btn-primary",
                "text": "Scopri di più"
              },
              "price": "Da €799"
            }
          }
        ]
      },
      "footer": {
        "class": "bg-dark text-white text-center py-3",
        "p": "&copy; 2025 UT Device"
      }
    },
    "scripts": [
      {
        "src": "https://cdn.jsdelivr.net/npm/bootstrap@5.3.3/dist/js/bootstrap.bundle.min.js",
        "integrity": "sha384-YvpcrYf0tY3lHB60NNkmXc5s9fDVZLESaAA55NDzOxhy9GkcIdslK1eN7N6jIeHz",
        "crossorigin": "anonymous"
      },
      {
        "src": "../script/inserimento_prodotto_pro.js"
      }
    ]
  }
  