[
    {
        "id": 1,
        "name": "iPhone 15 Pro",
        "images": {
            "bianco": "../images/iphone15pro_white.jpg",
            "nero": "../images/iphone15pro_black.jpg"
        },
        "colors": ["Bianco", "Nero"],
        "processor": "A17 Pro",
        "display": "OLED da 6,1\"",
        "storageOptions": ["128GB", "256GB", "512GB"],
        "price": 1199,
        "description": "L’iPhone 15 Pro è un concentrato di innovazione e performance, dotato del potente chip A17 Pro che offre prestazioni straordinarie e una gestione impeccabile anche delle app più esigenti. Il display OLED Super Retina XDR da 6,1'' garantisce colori vibranti e una luminosità fino a 2000 nit, perfetto per ogni condizione di luce. La fotocamera principale da 48 MP cattura immagini dettagliate e naturali, mentre la fotocamera telephoto con zoom 3x offre maggiore versatilità. Il design elegante in titanio lo rende resistente e leggero, per un’esperienza premium in ogni momento."
    },
    
    {
        "id": 2,
        "name": "iPhone 16",
        "images": {
            "bianco": "../images/iphone16_white.jpg",
            "blu": "../images/iphone16_blu.jpg",
            "verde": "../images/iphone16_green.jpg",
            "viola": "../images/iphone16_viola.jpg"
        },
        "colors": ["Bianco", "Blu", "Verde", "Viola"],
        "processor": "A18",
        "display": "OLED da 6,1\"",
        "storageOptions": ["128GB", "256GB", "512GB"],
        "price": 979,
        "description": "L’iPhone 16 è un dispositivo all’avanguardia con il nuovo chip A18, che assicura prestazioni rapide e una maggiore efficienza energetica. Il suo display OLED da 6,1'' offre una qualità visiva straordinaria, con colori vividi e neri profondi. La fotocamera da 48 MP cattura immagini mozzafiato in ogni condizione di luce, mentre il design moderno e minimalista disponibile in diverse colorazioni rende questo iPhone unico. Con 256 GB di memoria e una batteria che dura tutto il giorno, l’iPhone 16 è la scelta ideale per chi cerca potenza, stile e innovazione."
    },
    {
        "id": 3,
        "name": "iPhone 15 Plus",
        "images": {
            "bianco": "../images/iphone15plus_white.jpg",
            "nero": "../images/iphone15plus_black.jpg",
            "verde": "../images/iphone15plus_green.jpg",
            "giallo": "../images/iphone15plus_yellow.jpg"
        },
        "colors": ["Bianco", "Nero", "Verde", "Giallo"],
        "processor": "A17",
        "display": "OLED da 6,7\"",
        "storageOptions": ["128GB", "256GB", "512GB"],
        "price": 859,
        "description": "L’iPhone 15 Plus è un dispositivo pensato per chi cerca un grande display OLED da 6,7'' che offre un'esperienza visiva immersiva, perfetta per video, giochi e navigazione. Alimentato dal potente processore A17, garantisce prestazioni veloci e fluide. La fotocamera da 48 MP cattura ogni dettaglio con una qualità sorprendente, mentre i 256 GB di memoria offrono ampio spazio per archiviare foto, video e app. Disponibile in diverse colorazioni eleganti, l’iPhone 15 Plus combina design raffinato, potenza e una batteria che ti accompagna per tutto il giorno. Ideale per chi vuole uno smartphone potente con uno schermo ampio."
    },
    {
        "id": 4,
        "name": "iPhone 16 Plus",
        "images": {
            "nero": "../images/iphone16plus_black.jpg",
            "rosa": "../images/iphone16plus_rosa.jpg",
            "verde": "../images/iphone16plus_green.jpg"
        },
        "colors": ["Nero", "Rosa", "Verde"],
        "processor": "A18",
        "display": "OLED da 6,7\"",
        "storageOptions": ["128GB", "256GB", "512GB"],
        "price": 1029,
        "description": "L’iPhone 16 Plus è il compagno perfetto per chi cerca un display OLED da 6,7'' che offre colori vividi e neri profondi, ideale per guardare film, giocare o lavorare su un grande schermo. Equipaggiato con il processore A18, questo dispositivo è incredibilmente veloce e efficiente. La fotocamera da 48 MP cattura immagini dettagliate anche in condizioni di scarsa illuminazione, mentre i 512 GB di memoria offrono spazio sufficiente per tutte le tue foto, video e applicazioni. Disponibile in eleganti colorazioni, l’iPhone 16 Plus unisce prestazioni superiori, design premium e una batteria che dura tutto il giorno. Un dispositivo pensato per chi desidera il massimo in termini di qualità e versatilità."
    },
    {
        "id": 5,
        "name": "iPhone 15 Pro Max",
        "images": {
            "nero": "../images/iphone15promax_black.jpg",
            "bianco": "../images/iphone15promax_white.jpg"
        },
        "colors": ["Nero", "Bianco"],
        "processor": "A17",
        "display": "OLED da 6,7\"",
        "storageOptions": ["128GB", "256GB", "512GB"],
        "price": 1269,
        "description": "L'iPhone 15 Pro Max è il modello top di gamma, pensato per chi cerca il massimo in prestazioni, design e innovazione. Con un display OLED da 6,7'', ogni contenuto prende vita con colori brillanti e dettagli straordinari. Il potente processore A17 garantisce prestazioni eccezionali, rendendo l'uso quotidiano, il multitasking e i giochi ancora più fluidi. La fotocamera da 48 MP con capacità avanzate di zoom e modalità notturna ti permette di scattare foto e video di qualità professionale. Con 1TB di memoria, avrai tutto lo spazio di cui hai bisogno per archiviare foto, video e applicazioni. Disponibile in eleganti colori Nero e Bianco, l'iPhone 15 Pro Max non solo è potente, ma è anche progettato per durare, con una batteria che ti accompagna per tutta la giornata. Un dispositivo che unisce prestazioni superiori, un design raffinato e una tecnologia all'avanguardia."
    },
    {
        "id": 6,
        "name": "iPhone 14",
        "images": {
            "nero": "../images/iphone14_black.jpg",
            "giallo": "../images/iphone14_yellow.jpg"
        },
        "colors": ["Nero", "Giallo"],
        "processor": "A17",
        "display": "OLED da 6,1\"",
        "storageOptions": ["128GB", "256GB", "512GB"],
        "price": 729,
        "description": "L'iPhone 14 è l'ideale per chi cerca un dispositivo potente ma più accessibile. Con un display OLED da 6,1'', offre immagini nitide e colori vividi, rendendo ogni foto e video una gioia per gli occhi. Alimentato dal processore A15 Bionic, questo smartphone è rapido e reattivo, perfetto per tutte le tue esigenze quotidiane, dalla navigazione alle applicazioni più esigenti. La memoria da 128GB ti consente di archiviare foto, video e app senza preoccuparti dello spazio. La fotocamera da 12 MP ti offre scatti di qualità, anche in condizioni di scarsa illuminazione, grazie alla modalità notturna. Disponibile in Nero e Giallo, l’iPhone 14 è una scelta eccellente per chi cerca prestazioni elevate a un prezzo più contenuto, senza rinunciare alla qualità Apple."
    },
    {
        "id": 7,
        "name": "iPhone 14 Pro",
        "images": {
            "nero": "../images/iphone14pro_black.jpg",
            "oro": "../images/iphone14pro_oro.jpg",
            "viola": "../images/iphone14pro_viola.jpg"
        },
        "colors": ["Nero", "Oro", "Viola"],
        "processor": "A16 Bionic",
        "display": "OLED da 6,1\"",
        "storageOptions": ["128GB", "256GB", "512GB"],
        "price": 999,
        "description": "L'iPhone 14 Pro rappresenta il top della tecnologia Apple, con un display OLED da 6,1'' che offre colori vividi e neri profondi, perfetto per visualizzare contenuti in alta definizione. Equipaggiato con il potente processore A16 Bionic, è in grado di affrontare senza difficoltà qualsiasi app, gioco o task complesso. La fotocamera principale da 48 MP ti permette di scattare foto incredibilmente dettagliate, anche in condizioni di scarsa luce, mentre il sistema di fotocamere avanzate include un teleobiettivo, ultra-grandangolare e una modalità ProRAW per i fotografi più esperti. La memoria da 512GB ti offre tantissimo spazio per app, foto e video in alta qualità. Disponibile in Nero, Oro e Viola, l’iPhone 14 Pro è la scelta perfetta per chi cerca prestazioni da professionista e un design elegante."
    },
    {
        "id": 8,
        "name": "iPhone 14 Pro Max",
        "images": {
            "nero": "../images/iphone14promax_black.jpg",
            "bianco": "../images/iphone14promax_white.jpg"
        },
        "colors": ["Nero", "Bianco"],
        "processor": "A16",
        "display": "OLED da 6,7\"",
        "storageOptions": ["128GB", "256GB", "512GB"],
        "price": 1099,
        "description": "L’iPhone 14 Pro Max è l'apice dell'innovazione Apple, progettato per offrire prestazioni straordinarie e un'esperienza visiva senza pari. Con il suo display OLED da 6,7'', ogni dettaglio prende vita, dai colori vibranti ai neri più profondi, offrendo una qualità visiva superiore. Il processore A16 Bionic garantisce velocità e fluidità senza compromessi, gestendo facilmente anche le applicazioni e i giochi più esigenti. La fotocamera principale da 48 MP permette scatti nitidi e ricchi di dettagli, anche in condizioni di scarsa illuminazione, mentre il teleobiettivo e la modalità ProRAW offrono un controllo professionale sulle tue foto. Con 512GB di memoria, avrai tutto lo spazio necessario per conservare i tuoi contenuti. Disponibile in Nero e Bianco, l’iPhone 14 Pro Max è l'ideale per chi cerca il massimo in termini di prestazioni, qualità fotografica e design premium."
    },
    {
        "id": 9,
        "name": "iPhone 16 Pro",
        "images": {
            "nero": "../images/iphone16pro_black.jpg",
            "bianco": "../images/iphone16pro_white.jpg"
        },
        "colors": ["Nero", "Bianco"],
        "processor": "A18 Pro",
        "display": "OLED da 6,1\"",
        "storageOptions": ["128GB", "256GB", "512GB"],
        "price": 1299,
        "description": "L’iPhone 16 Pro rappresenta una nuova era per gli smartphone, combinando un design elegante e prestazioni di alto livello. Con il processore A18 Pro, è incredibilmente potente e veloce, capace di gestire facilmente multitasking e giochi ad alta intensità. Il display OLED da 6,1'' offre una qualità visiva straordinaria, con colori brillanti e dettagli nitidi, perfetto per guardare film, giocare o navigare. La fotocamera da 48 MP cattura immagini incredibili, anche in condizioni di scarsa illuminazione, mentre il teleobiettivo e la modalità Night Mode ti consentono di scattare foto professionali in ogni situazione. Con 512GB di memoria, hai ampio spazio per archiviare tutti i tuoi file e contenuti multimediali. Disponibile nelle varianti Nero e Bianco, l’iPhone 16 Pro è il dispositivo perfetto per chi cerca la massima qualità in un design compatto e potente."
    },
    {
        "id": 10,
        "name": "iPhone 16 Pro Max",
        "images": {
            "nero": "../images/iphone16promax_black.jpg",
            "oro": "../images/iphone16promax_oro.jpg"
        },
        "colors": ["Nero", "Oro"],
        "processor": "A18",
        "display": "OLED da 6,7\"",
        "storageOptions": ["128GB", "256GB", "512GB", "1TB"],
        "price": 1499,
        "description": "L'iPhone 16 Pro Max è il top della gamma, progettato per offrire prestazioni senza compromessi e un'esperienza visiva straordinaria. Con il processore A18, l'ultimo chip di Apple, ogni operazione, dal gaming intenso al multitasking, è fluida e veloce. Il display OLED da 6,7'' con ProMotion offre una resa visiva incredibile, con colori vibranti e dettagli precisi, ideale per chi ama l'intrattenimento e la qualità cinematografica. La fotocamera da 48 MP con sensore avanzato garantisce scatti straordinari anche in condizioni di scarsa luminosità, mentre il teleobiettivo consente di ottenere dettagli incredibili anche a distanza. Con 1TB di memoria, hai spazio a sufficienza per conservare foto, video e app senza preoccuparti mai dello spazio. L’iPhone 16 Pro Max, disponibile nelle versioni Nero e Oro, è l'ideale per chi cerca il meglio in termini di prestazioni, design e funzionalità."
    },
    {
        "id": 11,
        "name": "iPhone 15",
        "images": {
            "bianco": "../images/iphone15_white.jpg",
            "nero": "../images/iphone15_black.jpg",
            "giallo": "../images/iphone15_yellow.jpg"
        },
        "colors": ["Bianco", "Nero", "Giallo"],
        "processor": "A16 Bionic",
        "display": "OLED da 6,1\"",
        "storageOptions": ["128GB", "256GB", "512GB"],
        "price": 799,
        "description": "L’iPhone 15 è il dispositivo perfetto per chi cerca un equilibrio tra prestazioni avanzate e design elegante. Con il potente processore A16 Bionic, l’iPhone 15 offre un’esperienza fluida e reattiva, ottimizzando ogni applicazione e gioco. Il display OLED da 6,1'' offre una qualità visiva eccezionale, con colori vividi e neri profondi, rendendo ogni contenuto un piacere da guardare. Con 128GB di memoria, avrai abbastanza spazio per le tue app, foto e video. La fotocamera principale da 48 MP ti permette di catturare foto e video con una qualità straordinaria, mentre il design elegante e la costruzione in alluminio lo rendono resistente e leggero. Disponibile nelle varianti di colore Bianco, Nero e Giallo, l'iPhone 15 è la scelta ideale per chi cerca un dispositivo affidabile, potente e versatile."
    },
    {
        "id": 12,
        "name": "iPhone 14 Plus",
        "images": {
            "giallo": "../images/iphone14plus.jpg"
        },
        "colors": ["Giallo"],
        "processor": "A15 Bionic",
        "display": "OLED da 6,7\"",
        "storageOptions": ["128GB", "256GB", "512GB"],
        "price": 799,
        "description": "L’iPhone 14 Plus è l'ideale per chi cerca un ampio display e prestazioni elevate in un design elegante. Con un display OLED da 6,7'', l'esperienza visiva è coinvolgente e perfetta per film, giochi e navigazione. Grazie al processore A15 Bionic, questo modello offre prestazioni fluide, una gestione eccellente delle app e una durata della batteria impressionante. Con 128GB di memoria, avrai tanto spazio per le tue foto, video e app preferite. La fotocamera da 12 MP scatta foto e video in alta qualità, anche in condizioni di scarsa illuminazione. L’iPhone 14 Plus è disponibile in Giallo, una variante vivace e distintiva, ed è perfetto per chi desidera un dispositivo con un grande display e una potenza di calcolo elevata."
    },
    {
        "id": 13,
        "name": "iPhone 13 Pro",
        "images": {
            "azzurro": "../images/iphone13pro_blue.jpg",
            "nero": "../images/iphone13pro_black.jpg"
        },
        "colors": ["Azzurro", "Nero"],
        "processor": "A15 Bionic",
        "display": "OLED da 6,1\"",
        "storageOptions": ["128GB", "256GB", "512GB"],
        "price": 699,
        "description": "L'iPhone 13 Pro è il dispositivo perfetto per chi cerca prestazioni eccezionali in un formato compatto. Con un display OLED da 6,1'' e la tecnologia ProMotion a 120Hz, ogni interazione è incredibilmente fluida e dettagliata. Il processore A15 Bionic garantisce prestazioni superiori, rendendo ogni operazione rapida ed efficiente. La fotocamera tripla da 12 MP offre una qualità fotografica straordinaria, con modalità come la modalità notturna e il zoom ottico 3x che permettono di catturare dettagli incredibili in qualsiasi condizione di luce. Con 128GB di memoria disponibile, avrai abbastanza spazio per salvare foto, video e app. Il design elegante e il potente hardware fanno dell’iPhone 13 Pro una scelta perfetta per chi cerca un dispositivo ad alte prestazioni, tutto racchiuso in un corpo compatto e raffinato."
    },
    {
        "id": 21,
        "name": "Galaxy S25",
        "images": {
            "blu": "../images/S25_blue.jpg",
            "verde": "../images/S25_green.jpg",
            "grigio": "../images/S25_grigio.jpg"
        },
        "colors": ["Blu", "Verde", "Grigio"],
        "processor": "Exynos 2200",
        "display": "Dynamic AMOLED 2X da 6,1\"",
        "storageOptions": ["128GB", "256GB", "512GB"],
        "price": 899,
        "description": "Il Galaxy S25 è dotato di un potente processore Exynos 2200, display Dynamic AMOLED 2X da 6,1\" e 256GB di memoria."
    },
    {
        "id": 22,
        "name": "Galaxy S25 Plus",
        "images": {
            "grigio": "../images/S25plus_grigio.jpg",
            "blu": "../images/S25plus_blue.jpg",
            "verde": "../images/S25plus_green.jpg"
        },
        "colors": ["Grigio", "Blu", "Verde"],
        "processor": "Exynos 2200",
        "display": "Dynamic AMOLED 2X da 6,7\"",
        "storageOptions": ["128GB", "256GB", "512GB"],
        "price": 1049,
        "description": "Il Galaxy S25 Plus offre un display Dynamic AMOLED 2X da 6,7\" e 512GB di memoria, perfetto per una visualizzazione ampia e prestazioni elevate."
    },
    {
        "id": 23,
        "name": "Galaxy S25 Ultra",
        "images": {
            "nero": "../images/S25ultra_black.jpg"
        },
        "colors": ["Nero"],
        "processor": "Exynos 2200",
        "display": "Dynamic AMOLED 2X da 6,8\"",
        "storageOptions": ["128GB", "256GB", "512GB", "1TB"],
        "price": 1499,
        "description": "Il Galaxy S25 Ultra è il modello di punta con uno schermo Dynamic AMOLED 2X da 6,8\" e un enorme storage di 1TB, ideale per chi cerca prestazioni top e spazio abbondante."
    },
    {
        "id": 24,
        "name": "Galaxy S24",
        "images": {
            "nero": "../images/S24_black.jpg",
            "viola": "../images/S24_viola.jpg"
        },
        "colors": ["Nero", "Viola"],
        "processor": "Exynos 2200",
        "display": "Display Dynamic AMOLED 2X da 6,1\"",
        "storageOptions": ["128GB", "256GB", "512GB"],
        "price": 649,
        "description": "Il Galaxy S24 è dotato di un potente processore Exynos 2200, display Dynamic AMOLED 2X da 6,1\" e 128GB di memoria."
    },
    {
        "id": 25,
        "name": "Galaxy S24 Plus",
        "images": {
            "nero": "../images/S24plus_black.jpg",
            "viola": "../images/S24plus_viola.jpg"
        },
        "colors": ["Nero", "Viola"],
        "processor": "Exynos 2200",
        "display": "Display Dynamic AMOLED 2X da 6,7\"",
        "storageOptions": ["128GB", "256GB", "512GB"],
        "price": 799,
        "description": "Il Galaxy S24 Plus offre un display Dynamic AMOLED 2X da 6,7\" e una memoria da 256GB, con un processore Exynos 2200."
    },
    {
        "id": 26,
        "name": "Galaxy S24 Ultra",
        "images": {
            "nero": "../images/S24ultra_black.jpg"
        },
        "colors": ["Nero"],
        "processor": "Exynos 2200",
        "display": "Display Dynamic AMOLED 2X da 6,8\"",
        "storageOptions": ["128GB", "256GB", "512GB"],
        "price": 1049,
        "description": "Il Galaxy S24 Ultra è il top della gamma, con un display Dynamic AMOLED 2X da 6,8\", un processore Exynos 2200 e 512GB di memoria."
    },
    {
        "id": 27,
        "name": "iPad 10",
        "images": {
            "azzurro": "../images/ipad10_azzurro.jpg",
            "giallo": "../images/ipad10_giallo.jpg",
            "grigio": "../images/ipad10_grigio.jpg"
        },
        "colors": ["Azzurro", "Giallo", "Grigio"],
        "processor": "Chip A14 Bionic",
        "display": "Display Retina da 10,2\"",
        "storageOptions": ["128GB", "256GB"],
        "price": 399,
        "description": "L'iPad 10 offre un display Retina da 10,2\" con il potente chip A14 Bionic, perfetto per ogni tipo di attività. Ottimo per la produttività e il divertimento."
    },
    {
        "id": 28,
        "name": "iPad Air",
        "images": {
            "azzurro": "../images/ipadair_azzurro.jpg",
            "rosa": "../images/ipadair_rosa.jpg",
            "nero": "../images/ipadair_black.jpg"
        },
        "colors": ["Azzurro", "Rosa", "Nero"],
        "processor": "Chip M1",
        "display": "Display Liquid Retina da 10,9\"",
        "storageOptions": ["128GB", "256GB", "512GB"],
        "price": 649,
        "description": "L'iPad Air è dotato del potente chip M1 e di un display Liquid Retina da 10,9\", ideale per chi cerca un dispositivo leggero ma potente."
    },
    {
        "id": 29,
        "name": "iPad Pro",
        "images": {
            "argento": "../images/ipadpro_argento.jpg",
            "grigio": "../images/ipadpro_nero.jpg"
        },
        "colors": ["Argento", "Grigio"],
        "processor": "Chip M2",
        "display": "Display Liquid Retina XDR da 12,9\"",
        "storageOptions": ["128GB", "256GB", "512GB", "1TB"],
        "price": 1199,
        "description": "L'iPad Pro è un dispositivo straordinario con chip M2 e display Liquid Retina XDR da 12,9\", perfetto per professionisti che cercano potenza e precisione nei dettagli."
    },
    {
        "id": 30,
        "name": "Galaxy A04s",
        "images": {
          "bianco": "../images/a04s_white.jpg"
        },
        "colors": ["Bianco"],
        "processor": "Exynos 850",
        "display": "PLS LCD da 6,5\"",
        "storageOptions": ["128GB", "256GB"],
        "price": 149,
        "description": "Il Galaxy A04s offre un display PLS LCD da 6,5\" e un processore Exynos 850, perfetto per un uso quotidiano."
    },
    {
        "id": 31,
        "name": "Galaxy A14",
        "images": {
          "nero": "../images/a14_black.jpg"
        },
        "colors": ["Nero"],
        "processor": "Exynos 850",
        "display": "PLS LCD da 6,6\"",
        "storageOptions": ["128GB", "256GB"],
        "price": 199,
        "description": "Galaxy A14 con display PLS LCD da 6,6\" e processore Exynos 850 è ideale per chi cerca un buon rapporto qualità-prezzo."
    },
    {
        "id": 32,
        "name": "Galaxy A24",
        "images": {
          "nero": "../images/a24_black.jpg"
        },
        "colors": ["Nero"],
        "processor": "MediaTek Helio G99",
        "display": "Super AMOLED da 6,5\"",
        "storageOptions": ["128GB", "256GB"],
        "price": 279,
        "description": "Galaxy A24 offre un display Super AMOLED da 6,5\" con il potente processore MediaTek Helio G99, per prestazioni elevate."
    },
    {
        "id": 33,
        "name": "Galaxy A34",
        "images": {
          "viola": "../images/a34.jpg"
        },
        "colors": ["Viola"],
        "processor": "MediaTek Dimensity 1080",
        "display": "Super AMOLED da 6,6\"",
        "storageOptions": ["128GB", "256GB"],
        "price": 349,
        "description": "Galaxy A34 con il processore MediaTek Dimensity 1080 e un display Super AMOLED da 6,6\" è perfetto per chi cerca prestazioni elevate e una qualità visiva eccezionale."
    },
    {
        "id": 34,
        "name": "Galaxy A54",
        "images": {
          "nero": "../images/a54_black.jpg"
        },
        "colors": ["Nero"],
        "processor": "Exynos 1380",
        "display": "Super AMOLED da 6,4\"",
        "storageOptions": ["128GB", "256GB"],
        "price": 499,
        "description": "Galaxy A54 offre prestazioni elevate grazie al processore Exynos 1380 e un display Super AMOLED da 6,4\" per una qualità visiva straordinaria."
    },
    {
        "id": 35,
        "name": "Galaxy A73",
        "images": {
          "nero": "../images/a73_black.jpg"
        },
        "colors": ["Nero"],
        "processor": "Qualcomm Snapdragon 778G",
        "display": "Super AMOLED Plus da 6,7\"",
        "storageOptions": ["128GB", "256GB", "512GB"],
        "price": 579,
        "description": "Il Galaxy A73 è dotato di un display Super AMOLED Plus da 6,7\" e un processore Qualcomm Snapdragon 778G, per prestazioni premium."
    },
    {
        "id": 40,
        "name": "Apple Watch Series 10",
        "images": {
            "nero": "../images/applewatch10_black.jpg",
            "oro": "../images/applewatch10_white.jpg",
            "blu": "../images/applewatch10_blue.jpg"
        },
        "colors": ["Nero", "Oro", "Blu"],
        "processor": "Chip S10",
        "display": "Always-On Retina",
        "storageOptions": ["GPS", "GPS + Cellular"],
        "price": 599,
        "description": "Apple Watch Series 10 con chip S10, display Always-On Retina e connettività GPS + Cellular."
    },
    {
        "id": 41,
        "name": "Apple Watch Series 9",
        "images": {
            "blu": "../images/applewatch9_blue.jpg",
            "bianco": "../images/applewatch9_white.jpg"
        },
        "colors": ["Blu", "Bianco"],
        "processor": "Chip S9",
        "display": "Always-On Retina",
        "storageOptions": ["GPS", "GPS + Cellular"],
        "price": 499,
        "description": "Apple Watch Series 9 con chip S9, display Always-On Retina e connettività GPS + Cellular."
    },
    {
        "id": 42,
        "name": "Apple Watch Ultra",
        "images": {
            "nero": "../images/applewatchultra_black.jpg",
            "bianco": "../images/applewatchultra_white.jpg"
        },
        "colors": ["Nero", "Bianco"],
        "processor": "Chip S9",
        "display": "Cassa in titanio 49mm",
        "storageOptions": ["GPS", "GPS + Cellular"],
        "price": 899,
        "description": "Apple Watch Ultra con chip S9, cassa in titanio 49mm e connettività GPS + Cellular."
    },
    {
        "id": 43,
        "name": "Apple Watch SE",
        "images": {
            "nero": "../images/applewatchse_black.jpg",
            "bianco": "../images/applewatchse_white.jpg"
        },
        "colors": ["Nero", "Bianco"],
        "processor": "Chip S8",
        "display": "Retina",
        "storageOptions": ["GPS", "GPS + Cellular"],
        "price": 299,
        "description": "Apple Watch SE con chip S8, display Retina e connettività GPS."
    },
    {
        "id": 44,
        "name": "MacBook Air 13.3\"",
        "images": {
            "nero": "../images/macbookair_black.jpg"
        },
        "colors": ["Nero"],
        "processor": "Chip M2",
        "display": "Display Retina da 13,3\"",
        "storageOptions": ["256GB", "512GB", "1TB", "2TB"],
        "price": 1099,
        "description": "MacBook Air con chip M2, display Retina da 13,3\" e 256GB SSD."
    },
    {
        "id": 45,
        "name": "MacBook Pro 14\"",
        "images": {
            "grigio": "../images/macbook_pro.jpg"
        },
        "colors": ["Grigio"],
        "processor": "Chip M2 Pro",
        "display": "Display Liquid Retina XDR da 14\"",
        "storageOptions": ["512GB", "1TB", "2TB"],
        "price": 2099,
        "description": "MacBook Pro con chip M2 Pro, display Liquid Retina XDR da 14\" e 512GB SSD."
    },
    {
        "id": 46,
        "name": "Mac Mini",
        "images": {
            "grigio": "../images/macmini.jpg"
        },
        "colors": ["Grigio"],
        "processor": "Chip M2",
        "display": "N/A",
        "storageOptions": ["256GB", "512GB", "1TB", "2TB"],
        "price": 799,
        "description": "Mac Mini con chip M2, 8GB di RAM e 256GB SSD."
    },
    {
        "id": 60,
        "name": "Galaxy Z Flip5",
        "images": {
            "nero": "../images/galaxyzflip5_black.jpg",
            "bianco": "../images/galaxyzflip5_white.jpg"
        },
        "colors": ["Nero", "Bianco"],
        "processor": "Qualcomm Snapdragon 8 Gen 2",
        "display": "Display Dynamic AMOLED 2X da 6,7\"",
        "storageOptions": ["256GB", "512GB", "1TB"],
        "price": 1099,
        "description": "Galaxy Z Flip5 con processore Snapdragon 8 Gen 2, display Dynamic AMOLED 2X da 6,7\" e 256GB di memoria."
    },
    {
        "id": 61,
        "name": "Galaxy Z Fold5",
        "images": {
            "nero": "../images/galaxyzfold5_black.jpg"
        },
        "colors": ["Nero"],
        "processor": "Qualcomm Snapdragon 8 Gen 2",
        "display": "Display Dynamic AMOLED 2X da 7,6\"",
        "storageOptions": ["256GB", "512GB", "1TB"],
        "price": 1799,
        "description": "Galaxy Z Fold5 con processore Snapdragon 8 Gen 2, display Dynamic AMOLED 2X da 7,6\" e 256GB di memoria."
    }
]
