{
    "title": "Samsung",
    "head": {
      "meta": [
        {
          "charset": "UTF-8"
        },
        {
          "name": "viewport",
          "content": "width=device-width, initial-scale=1.0"
        }
      ],
      "links": [
        {
          "href": "https://cdn.jsdelivr.net/npm/bootstrap@5.3.3/dist/css/bootstrap.min.css",
          "rel": "stylesheet",
          "integrity": "sha384-QWTKZyjpPEjISv5WaRU9OFeRpok6YctnYmDr5pNlyT2bRjXh0JMhjY6hW+ALEwIH",
          "crossorigin": "anonymous"
        },
        {
          "rel": "stylesheet",
          "href": "../style/home.css"
        }
      ]
    },
    "body": {
      "nav": {
        "class": "navbar navbar-expand-lg bg-dark navbar-dark fixed-top",
        "container": {
          "fluid": true,
          "logo": {
            "href": "index.html",
            "img": {
              "src": "../images/logo.png",
              "alt": "UT Device Logo",
              "style": "height: 50px; margin-right: 5px;"
            }
          },
          "button": {
            "type": "button",
            "data-bs-toggle": "collapse",
            "data-bs-target": "#navbarNavDropdown",
            "aria-controls": "navbarNavDropdown",
            "aria-expanded": "false",
            "aria-label": "Toggle navigation",
            "span": {
              "class": "navbar-toggler-icon"
            }
          },
          "collapse": {
            "id": "navbarNavDropdown",
            "ul": {
              "class": "navbar-nav",
              "items": [
                { "href": "index.html", "class": "nav-link", "aria-current": "page", "text": "Home" },
                { "href": "iphone.html", "class": "nav-link", "text": "iPhone" },
                { "href": "ipad.html", "class": "nav-link", "text": "iPad" },
                { "href": "apple_watch.html", "class": "nav-link", "text": "Apple Watch" },
                { "href": "macbook.html", "class": "nav-link", "text": "MacBook" },
                { "href": "samsung.html", "class": "nav-link active", "text": "Samsung" },
                { "href": "#", "class": "nav-link", "text": "Carrello" }
              ]
            }
          }
        }
      },
      "h1": "Catalogo Samsung",
      "cardDecks": [
        {
          "title": "Nuovi Galaxy S25",
          "cards": [
            {
              "class": "card",
              "style": "width: 20rem;",
              "img": {
                "class": "card-img-top",
                "src": "../images/S25_blue.jpg",
                "alt": "Galaxy S25"
              },
              "body": {
                "h5": "Galaxy S25",
                "p": "Processore Exynos 2200<br>Display Dynamic AMOLED 2X da 6,1\"<br>128GB",
                "a": {
                  "href": "prodotto.html?id=21",
                  "class": "btn btn-primary",
                  "text": "Scopri di più"
                },
                "price": "Da €899"
              }
            },
            {
              "class": "card",
              "style": "width: 20rem;",
              "img": {
                "class": "card-img-top",
                "src": "../images/S25plus_grigio.jpg",
                "alt": "Galaxy S25 Plus"
              },
              "body": {
                "h5": "Galaxy S25 Plus",
                "p": "Processore Exynos 2200<br>Display Dynamic AMOLED 2X da 6,7\"<br>128GB",
                "a": {
                  "href": "prodotto.html?id=22",
                  "class": "btn btn-primary",
                  "text": "Scopri di più"
                },
                "price": "Da €1.049"
              }
            },
            {
              "class": "card",
              "style": "width: 20rem;",
              "img": {
                "class": "card-img-top",
                "src": "../images/S25ultra_black.jpg",
                "alt": "Galaxy S25 Ultra"
              },
              "body": {
                "h5": "Galaxy S25 Ultra",
                "p": "Processore Exynos 2200<br>Display Dynamic AMOLED 2X da 6,8\"<br>128GB",
                "a": {
                  "href": "prodotto.html?id=23",
                  "class": "btn btn-primary",
                  "text": "Scopri di più"
                },
                "price": "Da €1.499"
              }
            }
          ]
        },
        {
          "title": "Galaxy S24",
          "cards": [
            {
              "class": "card",
              "style": "width: 20rem;",
              "img": {
                "class": "card-img-top",
                "src": "../images/S24_black.jpg",
                "alt": "Galaxy S24"
              },
              "body": {
                "h5": "Galaxy S24",
                "p": "Processore Exynos 2200<br>Display Dynamic AMOLED 2X da 6,1\"<br>128GB",
                "a": {
                  "href": "prodotto.html?id=24",
                  "class": "btn btn-primary",
                  "text": "Scopri di più"
                },
                "price": "Da €649"
              }
            },
            {
              "class": "card",
              "style": "width: 20rem;",
              "img": {
                "class": "card-img-top",
                "src": "../images/S24plus_black.jpg",
                "alt": "Galaxy S24 Plus"
              },
              "body": {
                "h5": "Galaxy S24 Plus",
                "p": "Processore Exynos 2200<br>Display Dynamic AMOLED 2X da 6,7\"<br>256GB",
                "a": {
                  "href": "prodotto.html?id=25",
                  "class": "btn btn-primary",
                  "text": "Scopri di più"
                },
                "price": "Da €799"
              }
            },
            {
              "class": "card",
              "style": "width: 20rem;",
              "img": {
                "class": "card-img-top",
                "src": "../images/S24ultra_black.jpg",
                "alt": "Galaxy S24 Ultra"
              },
              "body": {
                "h5": "Galaxy S24 Ultra",
                "p": "Processore Exynos 2200<br>Display Dynamic AMOLED 2X da 6,8\"<br>128GB",
                "a": {
                  "href": "prodotto.html?id=26",
                  "class": "btn btn-primary",
                  "text": "Scopri di più"
                },
                "price": "€Da 1049"
              }
            }
          ]
        },
        {
          "title": "Galaxy A Series",
          "cards": [
            {
              "class": "card",
              "style": "width: 20rem;",
              "img": {
                "class": "card-img-top",
                "src": "../images/a04s_white.jpg",
                "alt": "Galaxy A04s"
              },
              "body": {
                "h5": "Galaxy A04s",
                "p": "Processore Exynos 850<br>Display PLS LCD da 6,5\"<br>128GB",
                "a": {
                  "href": "prodotto.html?id=30",
                  "class": "btn btn-primary",
                  "text": "Scopri di più"
                },
                "price": "Da €149"
              }
            },
            {
              "class": "card",
              "style": "width: 20rem;",
              "img": {
                "class": "card-img-top",
                "src": "../images/a14_black.jpg",
                "alt": "Galaxy A14"
              },
              "body": {
                "h5": "Galaxy A14",
                "p": "Processore Exynos 850<br>Display PLS LCD da 6,6\"<br>128GB",
                "a": {
                  "href": "prodotto.html?id=31",
                  "class": "btn btn-primary",
                  "text": "Scopri di più"
                },
                "price": "Da €199"
              }
            },
            {
              "class": "card",
              "style": "width: 20rem;",
              "img": {
                "class": "card-img-top",
                "src": "../images/a24_black.jpg",
                "alt": "Galaxy A24"
              },
              "body": {
                "h5": "Galaxy A24",
                "p": "Processore MediaTek Helio G99<br>Display Super AMOLED da 6,5\"<br>128GB",
                "a": {
                  "href": "prodotto.html?id=32",
                  "class": "btn btn-primary",
                  "text": "Scopri di più"
                },
                "price": "Da €279"
              }
            },
            {
              "class": "card",
              "style": "width: 20rem;",
              "img": {
                "class": "card-img-top",
                "src": "../images/a34.jpg",
                "alt": "Galaxy A34"
              },
              "body": {
                "h5": "Galaxy A34",
                "p": "Processore MediaTek Dimensity 1080<br>Display Super AMOLED da 6,6\"<br>128GB",
                "a": {
                  "href": "prodotto.html?id=33",
                  "class": "btn btn-primary",
                  "text": "Scopri di più"
                },
                "price": "Da €349"
              }
            },
            {
              "class": "card",
              "style": "width: 20rem;",
              "img": {
                "class": "card-img-top",
                "src": "../images/a54_black.jpg",
                "alt": "Galaxy A54"
              },
              "body": {
                "h5": "Galaxy A54",
                "p": "Processore Exynos 1380<br>Display Super AMOLED da 6,4\"<br>128GB",
                "a": {
                  "href": "prodotto.html?id=34",
                  "class": "btn btn-primary",
                  "text": "Scopri di più"
                },
                "price": "Da €499"
              }
            },
            {
              "class": "card",
              "style": "width: 20rem;",
              "img": {
                "class": "card-img-top",
                "src": "../images/a73_black.jpg",
                "alt": "Galaxy A73"
              },
              "body": {
                "h5": "Galaxy A73",
                "p": "Processore Qualcomm Snapdragon 778G<br>Display Super AMOLED Plus da 6,7\"<br>128GB",
                "a": {
                  "href": "prodotto.html?id=35",
                  "class": "btn btn-primary",
                  "text": "Scopri di più"
                },
                "price": "Da €579"
              }
            }
          ]
        },
        {
          "title": "Galaxy Z Series",
          "cards": [
            {
              "class": "card",
              "style": "width: 20rem;",
              "img": {
                "class": "card-img-top",
                "src": "../images/galaxyzflip5_black.jpg",
                "alt": "Galaxy Z Flip5"
              },
              "body": {
                "h5": "Galaxy Z Flip5",
                "p": "Processore Qualcomm Snapdragon 8 Gen 2<br>Display Dynamic AMOLED 2X da 6,7\"<br>256GB",
                "a": {
                  "href": "prodotto.html?id=60",
                  "class": "btn btn-primary",
                  "text": "Scopri di più"
                },
                "price": "Da €1099"
              }
            },
            {
                "class": "card",
                "style": "width: 20rem;",
                "img": {
                  "class": "card-img-top",
                  "src": "../images/galaxyzfold5_black.jpg",
                  "alt": "Galaxy Z Fold5"
                },
                "body": {
                  "h5": "Galaxy Z Fold5",
                  "p": "Processore Qualcomm Snapdragon 8 Gen 2<br>Display Dynamic AMOLED 2X da 7,6\"<br>256GB",
                  "a": {
                    "href": "prodotto.html?id=61",
                    "class": "btn btn-primary",
                    "text": "Scopri di più"
                  },
                  "price": "Da €1799"
                }
              }
          ]
        }
      ]
    }
  }
  